Car_Name,Car_Brand,Engine Capacity,Category,model Year,Milage,Fuel Type,Transmission,City Registered,Price
Fortuner,Toyota,2800 cc,SUV,2021,"39,235 km",Diesel,Automatic,Islamabad,PKR 1.64 crore
Fortuner,Toyota,2700 cc,SUV,2015,"140,000 km",Petrol,Automatic,Islamabad,PKR 78.5 lacs
Fortuner,Toyota,2800 cc,SUV,2022,"19,800 km",Diesel,Automatic,Lahore,PKR 1.7 crore
Fortuner,Toyota,2700 cc,SUV,2017,"67,987 km",Petrol,Automatic,Karachi,PKR 1.03 crore
Fortuner,Toyota,2800 cc,SUV,2021,"13,500 km",Diesel,Automatic,Punjab,PKR 1.68 crore
Fortuner,Toyota,2800 cc,SUV,2023,690 km,Diesel,Automatic,Un-Registered,PKR 2.09 crore
Fortuner,Toyota,2800 cc,SUV,2023,"5,000 km",Diesel,Automatic,Karachi,Call for price
Fortuner,Toyota,2800 cc,SUV,2021,"29,000 km",Diesel,Automatic,Karachi,Call for price
Fortuner,Toyota,2800 cc,N/A,2022,"9,800 km",Diesel,Automatic,Punjab,PKR 1.85 crore
Fortuner,Toyota,2800 cc,SUV,2022,"19,000 km",Diesel,Automatic,Karachi,PKR 1.75 crore
Fortuner,Toyota,2700 cc,SUV,2017,"52,000 km",Petrol,Automatic,Karachi,PKR 97.45 lacs
Fortuner,Toyota,2800 cc,SUV,2023,78 km,Diesel,Automatic,Un-Registered,PKR 1.92 crore
Fortuner,Toyota,2800 cc,SUV,2021,"50,000 km",Diesel,Automatic,Islamabad,PKR 1.6 crore
Fortuner,Toyota,2800 cc,SUV,2021,"2,300 km",Diesel,Automatic,Sindh,PKR 1.52 crore
Fortuner,Toyota,2800 cc,SUV,2020,"40,000 km",Diesel,Automatic,Sindh,PKR 1.39 crore
Fortuner,Toyota,2800 cc,SUV,2022,"35,000 km",Diesel,Automatic,Un-Registered,PKR 1.85 crore
Fortuner,Toyota,2700 cc,SUV,2021,"25,800 km",Petrol,Automatic,Islamabad,PKR 1.52 crore
Fortuner,Toyota,2700 cc,SUV,2017,"107,000 km",Petrol,Automatic,Islamabad,PKR 1.08 crore
Fortuner,Toyota,2700 cc,SUV,2018,"86,000 km",Petrol,Automatic,Islamabad,PKR 1.14 crore
Fortuner,Toyota,2700 cc,SUV,2019,"40,000 km",Petrol,Automatic,Islamabad,PKR 1.3 crore
Fortuner,Toyota,2800 cc,SUV,2022,800 km,Diesel,Automatic,Lahore,PKR 1.9 crore
Fortuner,Toyota,2700 cc,SUV,2016,"50,000 km",Petrol,Automatic,Sindh,PKR 99 lacs
Fortuner,Toyota,2700 cc,SUV,2019,"65,000 km",Petrol,Automatic,Punjab,PKR 1.25 crore
Fortuner,Toyota,2800 cc,SUV,2023,5 km,Diesel,Automatic,Un-Registered,PKR 1.99 crore
Fortuner,Toyota,2700 cc,SUV,2022,"15,000 km",Petrol,Automatic,Lahore,PKR 1.36 crore
Fortuner,Toyota,2800 cc,SUV,2022,"52,500 km",Diesel,Automatic,Sindh,PKR 1.72 crore
Fortuner,Toyota,2800 cc,SUV,2020,"63,500 km",Diesel,Automatic,Islamabad,PKR 1.45 crore
Fortuner,Toyota,2800 cc,SUV,2022,"21,000 km",Diesel,Automatic,Islamabad,PKR 1.8 crore
Benz,Mercedes,6300 cc,N/A,2008,"100,600 km",Petrol,Automatic,Islamabad,PKR 1.65 crore
Fortuner,Toyota,2800 cc,SUV,2022,"34,318 km",Diesel,Automatic,Punjab,PKR 1.76 crore
Fortuner,Toyota,2800 cc,SUV,2021,"67,810 km",Diesel,Automatic,Punjab,PKR 1.59 crore
Fortuner,Toyota,2700 cc,SUV,2021,"4,800 km",Petrol,Automatic,Punjab,PKR 1.44 crore
Fortuner,Toyota,2800 cc,SUV,2023,1 km,Diesel,Automatic,Un-Registered,PKR 2.2 crore
Fortuner,Toyota,2800 cc,SUV,2022,"20,400 km",Diesel,Automatic,Sindh,PKR 1.5 crore
Fortuner,Toyota,2800 cc,SUV,2022,"21,000 km",Diesel,Automatic,Punjab,PKR 1.7 crore
Fortuner,Toyota,2700 cc,SUV,2017,"87,000 km",Petrol,Automatic,Lahore,PKR 1.13 crore
Fortuner,Toyota,2700 cc,SUV,2013,"102,000 km",Petrol,Automatic,Lahore,PKR 72 lacs
Fortuner,Toyota,2800 cc,SUV,2021,"2,270 km",Diesel,Automatic,Sindh,PKR 1.52 crore
Fortuner,Toyota,2700 cc,SUV,2017,"43,000 km",Petrol,Automatic,Karachi,PKR 1.15 crore
Fortuner,Toyota,2700 cc,SUV,2020,"41,641 km",Petrol,Automatic,Islamabad,PKR 1.26 crore
Fortuner,Toyota,2800 cc,SUV,2023,19 km,Diesel,Automatic,Islamabad,PKR 1.98 crore
Fortuner,Toyota,2700 cc,SUV,2018,"46,500 km",Petrol,Automatic,Lahore,PKR 1.3 crore
Fortuner,Toyota,2800 cc,SUV,2021,"19,000 km",Diesel,Automatic,Karachi,PKR 1.48 crore
Fortuner,Toyota,2700 cc,SUV,2017,"64,900 km",Petrol,Automatic,Islamabad,PKR 1.2 crore
Fortuner,Toyota,2700 cc,SUV,2017,"69,000 km",Petrol,Automatic,Islamabad,PKR 1.1 crore
Fortuner,Toyota,2700 cc,SUV,2017,"52,000 km",Petrol,Automatic,Karachi,PKR 97.45 lacs
Fortuner,Toyota,2700 cc,SUV,2017,"131,000 km",Petrol,Automatic,Punjab,PKR 1.18 crore
Fortuner,Toyota,2800 cc,SUV,2023,78 km,Diesel,Automatic,Un-Registered,PKR 1.92 crore
Fortuner,Toyota,2700 cc,SUV,2019,"53,000 km",Petrol,Automatic,Islamabad,PKR 1.3 crore
Fortuner,Toyota,2700 cc,SUV,2021,"107,000 km",Petrol,Automatic,Punjab,PKR 1.48 crore
Fortuner,Toyota,2700 cc,SUV,2016,"59,000 km",Petrol,Automatic,Sindh,PKR 78.6 lacs
Fortuner,Toyota,2700 cc,SUV,2017,"144,000 km",Petrol,Automatic,Okara,PKR 1.15 crore
Fortuner,Toyota,2700 cc,SUV,2013,"167,000 km",Petrol,Automatic,Lahore,PKR 71 lacs
Fortuner,Toyota,2800 cc,SUV,2023,"4,000 km",Diesel,Automatic,Karachi,PKR 2.25 crore
Fortuner,Toyota,2800 cc,SUV,2020,"21,000 km",Diesel,Automatic,Karachi,PKR 1.5 crore
Fortuner,Toyota,2800 cc,SUV,2022,"50,000 km",Diesel,Automatic,Islamabad,PKR 1.8 crore
Fortuner,Toyota,2700 cc,SUV,2015,"145,000 km",Petrol,Automatic,Islamabad,PKR 75.5 lacs
Fortuner,Toyota,2800 cc,SUV,2021,"46,000 km",Diesel,Automatic,Islamabad,PKR 1.56 crore
Fortuner,Toyota,2800 cc,SUV,2022,"7,600 km",Diesel,Automatic,Punjab,PKR 1.87 crore
Fortuner,Toyota,2700 cc,SUV,2022,"12,800 km",Petrol,Automatic,Islamabad,PKR 1.6 crore
Fortuner,Toyota,2700 cc,SUV,2018,"61,745 km",Petrol,Automatic,Islamabad,PKR 1.17 crore
Fortuner,Toyota,2700 cc,SUV,2014,"115,700 km",Petrol,Automatic,Karachi,PKR 68 lacs
Fortuner,Toyota,2700 cc,SUV,2018,"37,000 km",Petrol,Automatic,Lahore,PKR 1.18 crore
Fortuner,Toyota,2800 cc,SUV,2021,"53,000 km",Diesel,Automatic,Punjab,PKR 1.53 crore
Fortuner,Toyota,2800 cc,SUV,2021,"51,000 km",Diesel,Automatic,Karachi,PKR 1.48 crore
Fortuner,Toyota,2700 cc,SUV,2017,"43,000 km",Petrol,Automatic,Karachi,PKR 1.15 crore
Fortuner,Toyota,2800 cc,SUV,2020,"21,000 km",Diesel,Automatic,Karachi,PKR 1.5 crore
Fortuner,Toyota,2700 cc,SUV,2017,"43,000 km",Petrol,Automatic,Karachi,PKR 1.15 crore
Fortuner,Toyota,2800 cc,SUV,2023,"4,000 km",Diesel,Automatic,Karachi,PKR 2.25 crore
Fortuner,Toyota,2700 cc,SUV,2021,"12,000 km",Petrol,Automatic,Karachi,PKR 1.52 crore
Fortuner,Toyota,2700 cc,SUV,2021,"25,500 km",Petrol,Automatic,Punjab,PKR 1.35 crore
Fortuner,Toyota,2700 cc,SUV,2019,"29,500 km",Petrol,Automatic,Karachi,PKR 1.18 crore
Fortuner,Toyota,2800 cc,SUV,2022,"15,000 km",Diesel,Automatic,Islamabad,PKR 1.86 crore
Fortuner,Toyota,2800 cc,SUV,2019,"65,000 km",Diesel,Automatic,Islamabad,PKR 1.35 crore
Fortuner,Toyota,2700 cc,SUV,2015,"132,000 km",Petrol,Automatic,Islamabad,PKR 85 lacs
Fortuner,Toyota,2800 cc,SUV,2022,"18,000 km",Diesel,Automatic,Islamabad,PKR 1.92 crore
Fortuner,Toyota,2700 cc,SUV,2021,"14,000 km",Petrol,Automatic,Punjab,PKR 1.35 crore
Fortuner,Toyota,2700 cc,SUV,2013,"90,000 km",Petrol,Automatic,Sindh,PKR 60 lacs
Fortuner,Toyota,2800 cc,SUV,2021,"22,000 km",Diesel,Automatic,Punjab,PKR 1.65 crore
Fortuner,Toyota,2700 cc,SUV,2022,"2,774 km",Petrol,Automatic,Karachi,PKR 1.45 crore
Fortuner,Toyota,2800 cc,SUV,2023,"10,000 km",Diesel,Automatic,Punjab,PKR 2.07 crore
Fortuner,Toyota,2700 cc,SUV,2022,"23,000 km",Petrol,Automatic,Punjab,PKR 1.53 crore
Fortuner,Toyota,2800 cc,SUV,2023,"2,000 km",Diesel,Automatic,Islamabad,PKR 2.06 crore
Fortuner,Toyota,2800 cc,SUV,2023,"7,000 km",Diesel,Automatic,Un-Registered,Call for price
Fortuner,Toyota,2700 cc,SUV,2013,"125,000 km",Petrol,Automatic,Karachi,PKR 67 lacs
Fortuner,Toyota,2800 cc,SUV,2024,5 km,Diesel,Automatic,Un-Registered,Call for price
Fortuner,Toyota,2800 cc,SUV,2022,"53,000 km",Diesel,Automatic,Islamabad,PKR 1.72 crore
Fortuner,Toyota,2800 cc,SUV,2023,"6,000 km",Diesel,Automatic,Punjab,PKR 1.94 crore
Fortuner,Toyota,2800 cc,SUV,2023,10 km,Diesel,Automatic,Un-Registered,PKR 2.1 crore
Fortuner,Toyota,2700 cc,SUV,2022,"34,765 km",Petrol,Automatic,Lahore,PKR 1.6 crore
Sorento,KIA,3500 cc,Compact SUV,2021,"32,000 km",Petrol,Automatic,Punjab,PKR 79.99 lacs
Fortuner,Toyota,2800 cc,SUV,2018,"75,000 km",Diesel,Automatic,Islamabad,PKR 1.26 crore
Fortuner,Toyota,2800 cc,SUV,2019,"106,000 km",Diesel,Automatic,Punjab,PKR 1.29 crore
Fortuner,Toyota,2700 cc,SUV,2021,"28,500 km",Petrol,Automatic,Islamabad,PKR 1.42 crore
Fortuner,Toyota,2700 cc,SUV,2017,"62,000 km",Petrol,Automatic,Karachi,PKR 98 lacs
Fortuner,Toyota,2700 cc,SUV,2017,"75,000 km",Petrol,Automatic,Islamabad,PKR 1.25 crore
Fortuner,Toyota,2700 cc,SUV,2022,"33,000 km",Petrol,Automatic,Islamabad,PKR 1.4 crore
Fortuner,Toyota,2800 cc,SUV,2017,"68,500 km",Diesel,Automatic,Islamabad,PKR 1.28 crore
Fortuner,Toyota,2800 cc,SUV,2023,1 km,Diesel,Automatic,Un-Registered,PKR 1.98 crore
Fortuner,Toyota,2700 cc,SUV,2017,"48,000 km",Petrol,Automatic,Karachi,PKR 1.07 crore
Fortuner,Toyota,2800 cc,SUV,2021,"50,000 km",Diesel,Automatic,Un-Registered,PKR 1.35 crore
Fortuner,Toyota,2700 cc,SUV,2019,"70,530 km",Petrol,Automatic,Islamabad,PKR 1.25 crore
Fortuner,Toyota,2700 cc,SUV,2015,"88,000 km",Petrol,Automatic,Lahore,PKR 78 lacs
Fortuner,Toyota,2700 cc,SUV,2017,"48,000 km",Petrol,Automatic,Karachi,PKR 1.07 crore
Fortuner,Toyota,2800 cc,SUV,2019,"30,940 km",Diesel,Automatic,Islamabad,PKR 1.32 crore
Fortuner,Toyota,2700 cc,SUV,2018,"65,000 km",Petrol,Automatic,Lahore,PKR 1.12 crore
Fortuner,Toyota,2700 cc,SUV,2017,"69,000 km",Petrol,Automatic,Islamabad,PKR 1.11 crore
Fortuner,Toyota,2700 cc,SUV,2018,"89,000 km",Petrol,Automatic,Lahore,PKR 1.22 crore
Fortuner,Toyota,2800 cc,SUV,2024,20 km,Diesel,Automatic,Un-Registered,PKR 2.15 crore
Fortuner,Toyota,2700 cc,SUV,2021,"11,000 km",Petrol,Automatic,Karachi,PKR 1.4 crore
Fortuner,Toyota,2700 cc,SUV,2017,"47,200 km",Petrol,Automatic,Islamabad,Call for price
Fortuner,Toyota,2700 cc,SUV,2022,"28,499 km",Petrol,Automatic,Karachi,PKR 1.65 crore
Fortuner,Toyota,2800 cc,SUV,2023,50 km,Diesel,Automatic,Punjab,PKR 1.85 crore
Fortuner,Toyota,2800 cc,SUV,2023,10 km,Diesel,Automatic,Punjab,PKR 1.85 crore
Fortuner,Toyota,2800 cc,SUV,2022,45 km,Diesel,Automatic,Un-Registered,PKR 1.75 crore
Fortuner,Toyota,2700 cc,SUV,2019,"75,000 km",Petrol,Automatic,Islamabad,PKR 1.35 crore
Fortuner,Toyota,2800 cc,SUV,2023,"12,000 km",Diesel,Automatic,Un-Registered,PKR 1.9 crore
Fortuner,Toyota,2700 cc,SUV,2013,"130,000 km",Petrol,Automatic,Lahore,PKR 81 lacs
Fortuner,Toyota,2700 cc,SUV,2015,"165,000 km",Petrol,Automatic,Islamabad,PKR 70 lacs
Fortuner,Toyota,2700 cc,SUV,2015,"57,844 km",Petrol,Automatic,Sindh,PKR 80.5 lacs
Fortuner,Toyota,2700 cc,SUV,2013,"170,000 km",Petrol,Automatic,Lahore,PKR 73.5 lacs
Fortuner,Toyota,2800 cc,SUV,2023,"11,997 km",Diesel,Automatic,Un-Registered,PKR 1.82 crore
Fortuner,Toyota,2700 cc,SUV,2022,"14,500 km",Petrol,Automatic,Punjab,PKR 1.8 crore
Fortuner,Toyota,2700 cc,SUV,2017,"127,902 km",Petrol,Automatic,Islamabad,PKR 1.15 crore
Fortuner,Toyota,2700 cc,SUV,2021,"51,000 km",Petrol,Automatic,Islamabad,PKR 1.24 crore
Fortuner,Toyota,2800 cc,SUV,2022,"15,600 km",Diesel,Automatic,Islamabad,PKR 1.76 crore
Fortuner,Toyota,2800 cc,SUV,2022,"29,000 km",Diesel,Automatic,Punjab,PKR 1.76 crore
Fortuner,Toyota,2700 cc,SUV,2017,"70,000 km",Petrol,Automatic,Islamabad,PKR 1.05 crore
Fortuner,Toyota,2700 cc,SUV,2023,"56,000 km",Petrol,Automatic,Punjab,PKR 1.8 crore
Fortuner,Toyota,2700 cc,SUV,2017,"127,902 km",Petrol,Automatic,Islamabad,PKR 1.15 crore
Fortuner,Toyota,2800 cc,SUV,2022,"29,000 km",Diesel,Automatic,Punjab,PKR 1.76 crore
Fortuner,Toyota,2700 cc,SUV,2023,"56,000 km",Petrol,Automatic,Punjab,PKR 1.8 crore
Fortuner,Toyota,2700 cc,SUV,2018,"85,473 km",Petrol,Automatic,Karachi,PKR 1.22 crore
Fortuner,Toyota,2700 cc,SUV,2016,"110,000 km",Petrol,Automatic,Karachi,PKR 72.5 lacs
Fortuner,Toyota,2800 cc,SUV,2021,"28,000 km",Diesel,Automatic,Islamabad,PKR 1.55 crore
Fortuner,Toyota,2700 cc,SUV,2019,"53,000 km",Petrol,Automatic,Islamabad,PKR 1.28 crore
Fortuner,Toyota,2700 cc,SUV,2013,"108,000 km",Petrol,Automatic,Karachi,PKR 62 lacs
Fortuner,Toyota,2700 cc,SUV,2016,"78,000 km",Petrol,Automatic,Sindh,PKR 79.9 lacs
Fortuner,Toyota,2700 cc,SUV,2017,"50,907 km",Petrol,Automatic,Lahore,PKR 1.16 crore
Fortuner,Toyota,2800 cc,SUV,2022,50 km,Diesel,Automatic,Un-Registered,PKR 1.75 crore
Fortuner,Toyota,2800 cc,SUV,2022,"11,086 km",Diesel,Automatic,Islamabad,PKR 1.85 crore
Fortuner,Toyota,2700 cc,SUV,2018,"120,000 km",Petrol,Automatic,Punjab,PKR 1.17 crore
Fortuner,Toyota,2700 cc,SUV,2021,"47,000 km",Petrol,Automatic,Punjab,PKR 1.45 crore
Fortuner,Toyota,2800 cc,SUV,2020,"22,500 km",Diesel,Automatic,Sindh,PKR 1.42 crore
Fortuner,Toyota,2800 cc,SUV,2018,"76,000 km",Diesel,Automatic,Islamabad,PKR 1.34 crore
Fortuner,Toyota,2700 cc,SUV,2015,"82,000 km",Petrol,Automatic,Islamabad,PKR 90 lacs
Prius,Toyota,1800 cc,N/A,2018,"136,000 km",Petrol,Automatic,Sindh,PKR 86 lacs
Fortuner,Toyota,2700 cc,SUV,2015,"84,000 km",Petrol,Automatic,Lahore,PKR 80 lacs
Fortuner,Toyota,2700 cc,SUV,2018,"49,000 km",Petrol,Automatic,Islamabad,PKR 1.17 crore
Fortuner,Toyota,2800 cc,SUV,2018,"20,000 km",Diesel,Automatic,Islamabad,PKR 1.4 crore
Fortuner,Toyota,2700 cc,SUV,2013,"109,000 km",Petrol,Automatic,Lahore,PKR 75.5 lacs
Fortuner,Toyota,2700 cc,SUV,2015,"87,353 km",Petrol,Automatic,Sindh,PKR 80 lacs
Fortuner,Toyota,2800 cc,SUV,2020,"44,526 km",Diesel,Automatic,Karachi,PKR 1.5 crore
Fortuner,Toyota,2700 cc,SUV,2015,"112,237 km",Petrol,Automatic,Sindh,PKR 78 lacs
Fortuner,Toyota,2700 cc,SUV,2018,"33,747 km",Petrol,Automatic,Karachi,PKR 1.25 crore
Pajero,Mitsubishi,3500 cc,SUV,2005,"150,000 km",Petrol,Automatic,Lahore,PKR 50 lacs
Fortuner,Toyota,2700 cc,SUV,2017,"81,720 km",Petrol,Automatic,Islamabad,PKR 1.2 crore
Fortuner,Toyota,2700 cc,SUV,2013,"109,000 km",Petrol,Automatic,Lahore,PKR 75.5 lacs
Fortuner,Toyota,2700 cc,SUV,2015,"87,353 km",Petrol,Automatic,Sindh,PKR 80 lacs
Fortuner,Toyota,2800 cc,SUV,2020,"44,526 km",Diesel,Automatic,Karachi,PKR 1.5 crore
Fortuner,Toyota,2700 cc,SUV,2015,"112,237 km",Petrol,Automatic,Sindh,PKR 78 lacs
Fortuner,Toyota,2700 cc,SUV,2017,"81,720 km",Petrol,Automatic,Islamabad,PKR 1.2 crore
Fortuner,Toyota,2700 cc,SUV,2017,"102,716 km",Petrol,Automatic,Islamabad,PKR 1.15 crore
Fortuner,Toyota,2700 cc,SUV,2022,"12,452 km",Petrol,Automatic,Islamabad,PKR 1.5 crore
Fortuner,Toyota,2700 cc,SUV,2016,"68,051 km",Petrol,Automatic,Lahore,PKR 85 lacs
Fortuner,Toyota,2800 cc,SUV,2021,"60,000 km",Diesel,Automatic,Sindh,PKR 1.47 crore
Fortuner,Toyota,2800 cc,SUV,2018,"80,000 km",Diesel,Automatic,Islamabad,PKR 1.32 crore
Fortuner,Toyota,2800 cc,SUV,2020,"52,000 km",Diesel,Automatic,Islamabad,PKR 1.41 crore
Fortuner,Toyota,2700 cc,SUV,2020,"42,000 km",Petrol,Automatic,Karachi,PKR 1.28 crore
Fortuner,Toyota,2800 cc,SUV,2019,"80,000 km",Diesel,Automatic,Sindh,PKR 1.38 crore
Fortuner,Toyota,2700 cc,SUV,2017,"80,000 km",Petrol,Automatic,Sindh,PKR 1.05 crore
Fortuner,Toyota,2800 cc,SUV,2021,"47,000 km",Diesel,Automatic,Karachi,PKR 1.49 crore
Fortuner,Toyota,2800 cc,SUV,2022,"18,000 km",Diesel,Automatic,Islamabad,PKR 1.75 crore
Fortuner,Toyota,2800 cc,SUV,2018,"70,000 km",Diesel,Automatic,Lahore,PKR 1.4 crore
Fortuner,Toyota,2800 cc,SUV,2022,"4,000 km",Diesel,Automatic,Punjab,PKR 1.8 crore
Fortuner,Toyota,2800 cc,SUV,2023,"9,000 km",Diesel,Automatic,Karachi,PKR 2.22 crore
Fortuner,Toyota,2800 cc,SUV,2022,"30,000 km",Diesel,Automatic,Sindh,PKR 1.75 crore
Fortuner,Toyota,2800 cc,SUV,2023,20 km,Diesel,Automatic,Un-Registered,PKR 2.02 crore
Fortuner,Toyota,2700 cc,SUV,2022,610 km,Petrol,Automatic,Karachi,PKR 1.6 crore
Fortuner,Toyota,2700 cc,SUV,2018,"41,000 km",Petrol,Automatic,Islamabad,PKR 1.25 crore
Fortuner,Toyota,2800 cc,SUV,2021,"51,309 km",Diesel,Automatic,Punjab,PKR 1.55 crore
Fortuner,Toyota,2800 cc,SUV,2022,"28,000 km",Diesel,Automatic,Karachi,PKR 1.65 crore
Fortuner,Toyota,2700 cc,SUV,2022,"8,500 km",Petrol,Automatic,Islamabad,Call for price
Fortuner,Toyota,2800 cc,SUV,2021,"57,000 km",Diesel,Automatic,Islamabad,PKR 1.48 crore
Fortuner,Toyota,2800 cc,SUV,2021,"25,000 km",Diesel,Automatic,Islamabad,PKR 1.55 crore
Fortuner,Toyota,2800 cc,SUV,2022,150 km,Diesel,Automatic,Islamabad,PKR 1.82 crore
Fortuner,Toyota,2800 cc,SUV,2021,"15,573 km",Diesel,Automatic,Islamabad,PKR 1.6 crore
Fortuner,Toyota,2800 cc,SUV,2021,"47,000 km",Diesel,Automatic,Karachi,PKR 1.49 crore
Fortuner,Toyota,2800 cc,SUV,2023,"9,000 km",Diesel,Automatic,Karachi,PKR 2.22 crore
Fortuner,Toyota,2800 cc,SUV,2022,"28,000 km",Diesel,Automatic,Karachi,PKR 1.65 crore
Fortuner,Toyota,2700 cc,SUV,2022,"8,500 km",Petrol,Automatic,Islamabad,Call for price
Fortuner,Toyota,2800 cc,SUV,2021,"15,573 km",Diesel,Automatic,Islamabad,PKR 1.6 crore
Fortuner,Toyota,2700 cc,SUV,2022,622 km,Petrol,Automatic,Sindh,PKR 1.6 crore
Fortuner,Toyota,2800 cc,SUV,2022,"22,000 km",Diesel,Automatic,Lahore,PKR 1.73 crore
Fortuner,Toyota,2800 cc,SUV,2023,41 km,Diesel,Automatic,Un-Registered,PKR 2.03 crore
Fortuner,Toyota,2800 cc,SUV,2020,"24,000 km",Diesel,Automatic,Punjab,PKR 1.54 crore
Fortuner,Toyota,2700 cc,SUV,2017,"50,000 km",Petrol,Automatic,Lahore,PKR 1.18 crore
Fortuner,Toyota,2700 cc,SUV,2021,"45,000 km",Petrol,Automatic,Islamabad,PKR 1.38 crore
Fortuner,Toyota,2800 cc,SUV,2020,"59,000 km",Diesel,Automatic,Lahore,PKR 1.39 crore
Fortuner,Toyota,2700 cc,SUV,2018,"63,000 km",Petrol,Automatic,Karachi,PKR 1.1 crore
Fortuner,Toyota,2800 cc,SUV,2022,"22,000 km",Diesel,Automatic,Islamabad,PKR 1.66 crore
Fortuner,Toyota,2800 cc,SUV,2023,"1,000 km",Diesel,Automatic,Punjab,PKR 2 crore
Fortuner,Toyota,2800 cc,SUV,2021,"54,000 km",Diesel,Automatic,Lahore,PKR 1.53 crore
Fortuner,Toyota,2800 cc,SUV,2018,"60,000 km",Diesel,Automatic,Lahore,PKR 1.28 crore
BJ40,BAIC,2000 cc,SUV,2023,"5,000 km",Petrol,Automatic,Un-Registered,PKR 1.01 crore
Fortuner,Toyota,2700 cc,SUV,2013,"230,000 km",Petrol,Automatic,Punjab,PKR 70 lacs
Fortuner,Toyota,2800 cc,SUV,2020,"57,600 km",Diesel,Automatic,Islamabad,PKR 1.4 crore
Fortuner,Toyota,2800 cc,SUV,2022,"50,000 km",Diesel,Automatic,Islamabad,PKR 1.63 crore
Fortuner,Toyota,2800 cc,SUV,2021,"14,000 km",Diesel,Automatic,Punjab,PKR 1.7 crore
Fortuner,Toyota,2700 cc,SUV,2021,"30,000 km",Petrol,Automatic,Islamabad,PKR 1.5 crore
Fortuner,Toyota,2800 cc,SUV,2021,"55,234 km",Diesel,Automatic,Islamabad,PKR 1.56 crore
Fortuner,Toyota,2800 cc,SUV,2022,"11,000 km",Diesel,Automatic,Islamabad,PKR 1.88 crore
Fortuner,Toyota,2700 cc,SUV,2017,"126,000 km",Petrol,Automatic,Islamabad,PKR 1.09 crore
Fortuner,Toyota,2700 cc,SUV,2014,"88,000 km",Petrol,Automatic,Lahore,PKR 75.5 lacs
Fortuner,Toyota,2700 cc,SUV,2018,"105,000 km",Petrol,Automatic,Islamabad,PKR 1.2 crore
Fortuner,Toyota,2800 cc,SUV,2020,"52,000 km",Diesel,Automatic,Islamabad,PKR 1.44 crore
Fortuner,Toyota,2800 cc,SUV,2021,"42,000 km",Diesel,Automatic,Punjab,Call for price
Fortuner,Toyota,2800 cc,SUV,2023,"11,000 km",Diesel,Automatic,Un-Registered,PKR 1.82 crore
Fortuner,Toyota,2000 cc,SUV,2013,"64,462 km",Petrol,Automatic,Karachi,PKR 73 lacs
Fortuner,Toyota,2700 cc,SUV,2021,"9,850 km",Petrol,Automatic,Sindh,PKR 1.51 crore
Fortuner,Toyota,2700 cc,SUV,2017,"139,068 km",Petrol,Automatic,Lahore,PKR 1.2 crore
Fortuner,Toyota,2700 cc,SUV,2019,"63,000 km",Petrol,Automatic,Islamabad,PKR 1.25 crore
Fortuner,Toyota,2700 cc,SUV,2018,"58,000 km",Petrol,Automatic,Karachi,PKR 1.1 crore
Fortuner,Toyota,2800 cc,SUV,2018,"87,000 km",Diesel,Automatic,Karachi,Call for price
Fortuner,Toyota,2800 cc,SUV,2021,"26,000 km",Diesel,Automatic,Karachi,Call for price
Fortuner,Toyota,2800 cc,SUV,2021,"24,000 km",Diesel,Automatic,Karachi,Call for price
Fortuner,Toyota,2700 cc,SUV,2016,"85,000 km",Petrol,Automatic,Islamabad,PKR 82 lacs
Fortuner,Toyota,2700 cc,SUV,2017,"46,000 km",Petrol,Automatic,Sindh,PKR 1.03 crore
Fortuner,Toyota,2700 cc,SUV,2013,"153,500 km",Petrol,Automatic,Islamabad,PKR 68 lacs
Fortuner,Toyota,2800 cc,SUV,2021,"64,000 km",Diesel,Automatic,Islamabad,PKR 1.45 crore
Fortuner,Toyota,2700 cc,SUV,2017,"57,500 km",Petrol,Automatic,Lahore,PKR 1.2 crore
Fortuner,Toyota,2700 cc,SUV,2013,"135,000 km",Petrol,Automatic,Multan,PKR 75 lacs
Fortuner,Toyota,2700 cc,SUV,2021,"27,000 km",Petrol,Automatic,Islamabad,PKR 1.3 crore
Fortuner,Toyota,2800 cc,N/A,2022,"5,400 km",Diesel,Automatic,Punjab,PKR 1.92 crore
Fortuner,Toyota,2800 cc,SUV,2021,"27,000 km",Diesel,Automatic,Islamabad,PKR 1.62 crore
Fortuner,Toyota,2700 cc,SUV,2022,"37,000 km",Petrol,Automatic,Islamabad,PKR 1.59 crore
Fortuner,Toyota,2700 cc,SUV,2022,"12,000 km",Petrol,Automatic,Islamabad,PKR 1.49 crore
Fortuner,Toyota,2700 cc,SUV,2019,"28,600 km",Petrol,Automatic,Sindh,PKR 1.22 crore
Fortuner,Toyota,2800 cc,SUV,2022,"14,000 km",Diesel,Automatic,Karachi,PKR 1.78 crore
Fortuner,Toyota,2800 cc,SUV,2021,"46,000 km",Diesel,Automatic,Islamabad,PKR 1.56 crore
Fortuner,Toyota,2800 cc,SUV,2023,40 km,Diesel,Automatic,Un-Registered,Call for price
Fortuner,Toyota,2800 cc,SUV,2022,"22,000 km",Diesel,Automatic,Lahore,PKR 1.74 crore
Fortuner,Toyota,2700 cc,SUV,2013,"110,000 km",Petrol,Automatic,Sindh,PKR 70 lacs
Fortuner,Toyota,2700 cc,SUV,2021,"20,000 km",Petrol,Automatic,Karachi,PKR 1.3 crore
Fortuner,Toyota,2800 cc,SUV,2022,"14,680 km",Diesel,Automatic,Islamabad,PKR 1.82 crore
Fortuner,Toyota,2800 cc,SUV,2020,"22,000 km",Diesel,Automatic,Karachi,PKR 1.4 crore
Fortuner,Toyota,2800 cc,SUV,2023,25 km,Diesel,Automatic,Un-Registered,PKR 2.06 crore
Fortuner,Toyota,2800 cc,SUV,2021,"61,373 km",Diesel,Automatic,Lahore,PKR 1.52 crore
Fortuner,Toyota,2800 cc,SUV,2021,"7,938 km",Diesel,Automatic,Sindh,PKR 1.77 crore
Fortuner,Toyota,2800 cc,SUV,2021,"39,000 km",Diesel,Automatic,Punjab,PKR 1.6 crore
Fortuner,Toyota,2700 cc,SUV,2017,"55,000 km",Petrol,Automatic,Lahore,PKR 1.17 crore
Fortuner,Toyota,2800 cc,SUV,2022,"6,500 km",Diesel,Automatic,Islamabad,PKR 1.82 crore
Fortuner,Toyota,2700 cc,SUV,2019,"37,063 km",Petrol,Automatic,Punjab,PKR 1.62 crore
Fortuner,Toyota,2700 cc,SUV,2017,"22,173 km",Petrol,Automatic,Multan,PKR 1.35 crore
Fortuner,Toyota,2700 cc,SUV,2013,"85,304 km",Petrol,Automatic,Lahore,PKR 69 lacs
Fortuner,Toyota,2700 cc,SUV,2013,"110,000 km",Petrol,Automatic,Sindh,PKR 70 lacs
Fortuner,Toyota,2700 cc,SUV,2016,"85,000 km",Petrol,Automatic,Islamabad,PKR 82 lacs
Fortuner,Toyota,2800 cc,SUV,2021,"12,500 km",Diesel,Automatic,Islamabad,PKR 1.6 crore
Fortuner,Toyota,2700 cc,SUV,2022,"9,500 km",Petrol,Automatic,Punjab,PKR 1.41 crore
Fortuner,Toyota,2700 cc,SUV,2017,"46,000 km",Petrol,Automatic,Sindh,PKR 1.03 crore
Fortuner,Toyota,2700 cc,SUV,2014,"97,000 km",Petrol,Automatic,Sindh,PKR 65.5 lacs
Fortuner,Toyota,2700 cc,SUV,2022,910 km,Petrol,Automatic,Un-Registered,PKR 1.42 crore
Fortuner,Toyota,2700 cc,SUV,2020,"62,000 km",Petrol,Automatic,Islamabad,PKR 1.35 crore
Fortuner,Toyota,2700 cc,SUV,2015,"93,000 km",Petrol,Automatic,Sindh,PKR 82 lacs
Fortuner,Toyota,2800 cc,SUV,2022,"24,000 km",Diesel,Automatic,Punjab,PKR 1.7 crore
Fortuner,Toyota,2700 cc,SUV,2015,"40,000 km",Petrol,Automatic,Islamabad,PKR 92 lacs
Fortuner,Toyota,2700 cc,SUV,2020,"42,000 km",Petrol,Automatic,Sindh,PKR 1.28 crore
Fortuner,Toyota,2700 cc,SUV,2017,"6,100 km",Petrol,Automatic,Sindh,PKR 1.18 crore
Fortuner,Toyota,2700 cc,SUV,2014,"65,000 km",Petrol,Automatic,Karachi,PKR 75.5 lacs
Fortuner,Toyota,2700 cc,SUV,2020,"36,000 km",Petrol,Automatic,Karachi,PKR 1.23 crore
Fortuner,Toyota,2800 cc,SUV,2022,"18,000 km",Diesel,Automatic,Punjab,PKR 1.74 crore
Fortuner,Toyota,2800 cc,N/A,2022,"23,500 km",Diesel,Automatic,Punjab,PKR 1.87 crore
Fortuner,Toyota,2700 cc,SUV,2017,"58,000 km",Petrol,Automatic,Karachi,PKR 1.04 crore
Fortuner,Toyota,2800 cc,SUV,2023,"4,846 km",Diesel,Automatic,Islamabad,Call for price
Fortuner,Toyota,2700 cc,SUV,2022,"15,000 km",Petrol,Automatic,Karachi,PKR 1.32 crore
Fortuner,Toyota,2800 cc,SUV,2021,"28,000 km",Diesel,Automatic,Punjab,PKR 1.58 crore
Fortuner,Toyota,2700 cc,SUV,2021,"2,700 km",Petrol,Automatic,Islamabad,PKR 1.4 crore
Fortuner,Toyota,2800 cc,SUV,2021,"42,000 km",Diesel,Automatic,Punjab,PKR 1.46 crore
Fortuner,Toyota,2800 cc,SUV,2020,"44,000 km",Diesel,Automatic,Islamabad,PKR 1.55 crore
Fortuner,Toyota,2800 cc,SUV,2021,"38,000 km",Diesel,Automatic,Islamabad,PKR 1.56 crore
Fortuner,Toyota,2700 cc,SUV,2017,"68,000 km",Petrol,Automatic,Islamabad,PKR 1.15 crore
Fortuner,Toyota,2700 cc,SUV,2021,"49,283 km",LPG,Automatic,Punjab,PKR 1.4 crore
Fortuner,Toyota,2700 cc,SUV,2017,"38,000 km",Petrol,Automatic,Karachi,PKR 1.08 crore
Fortuner,Toyota,2700 cc,SUV,2020,"14,000 km",Petrol,Automatic,Punjab,PKR 1.3 crore
Fortuner,Toyota,2700 cc,SUV,2018,"115,000 km",Petrol,Automatic,Islamabad,PKR 1.16 crore
Fortuner,Toyota,2700 cc,SUV,2017,"58,000 km",Petrol,Automatic,Karachi,PKR 1.04 crore
Fortuner,Toyota,2700 cc,SUV,2017,"55,000 km",Petrol,Automatic,Lahore,PKR 1.17 crore
Fortuner,Toyota,2800 cc,SUV,2022,"6,500 km",Diesel,Automatic,Islamabad,PKR 1.82 crore
Fortuner,Toyota,2700 cc,SUV,2022,"16,800 km",Petrol,Automatic,Sindh,PKR 1.3 crore
Fortuner,Toyota,2700 cc,SUV,2019,"37,063 km",Petrol,Automatic,Punjab,PKR 1.62 crore
Fortuner,Toyota,2700 cc,SUV,2017,"22,173 km",Petrol,Automatic,Multan,PKR 1.35 crore
Fortuner,Toyota,2700 cc,SUV,2016,"93,789 km",Petrol,Automatic,Lahore,PKR 1 crore
Fortuner,Toyota,2700 cc,SUV,2013,"85,304 km",Petrol,Automatic,Lahore,PKR 69 lacs
Fortuner,Toyota,2800 cc,SUV,2022,"21,000 km",Diesel,Automatic,Islamabad,PKR 1.68 crore
Fortuner,Toyota,2700 cc,SUV,2021,"20,000 km",Petrol,Automatic,Sindh,PKR 1.48 crore
Fortuner,Toyota,2700 cc,SUV,2017,"65,000 km",Petrol,Automatic,Sindh,PKR 1.07 crore
Fortuner,Toyota,2700 cc,N/A,2015,"75,000 km",Petrol,Automatic,Lahore,PKR 89 lacs
Fortuner,Toyota,2700 cc,SUV,2023,"8,100 km",Diesel,Automatic,Islamabad,PKR 2.02 crore
Fortuner,Toyota,2800 cc,SUV,2021,"29,000 km",Diesel,Automatic,Punjab,PKR 1.58 crore
Fortuner,Toyota,2800 cc,SUV,2022,"10,000 km",Diesel,Automatic,Islamabad,PKR 1.87 crore
Fortuner,Toyota,2700 cc,SUV,2021,"42,000 km",Petrol,Automatic,Punjab,PKR 1.48 crore
Fortuner,Toyota,2800 cc,SUV,2022,"9,000 km",Diesel,Automatic,Sindh,PKR 1.88 crore
Fortuner,Toyota,2800 cc,SUV,2021,"24,000 km",Diesel,Automatic,Islamabad,PKR 1.53 crore
Fortuner,Toyota,2800 cc,SUV,2018,"43,665 km",Diesel,Automatic,Islamabad,PKR 1.4 crore
Fortuner,Toyota,2700 cc,SUV,2016,"80,000 km",Petrol,Automatic,Islamabad,PKR 82 lacs
Fortuner,Toyota,2700 cc,SUV,2017,"92,000 km",Petrol,Automatic,Sindh,PKR 1.1 crore
Fortuner,Toyota,2700 cc,SUV,2017,"6,800 km",Petrol,Automatic,Karachi,PKR 1.25 crore
Fortuner,Toyota,2700 cc,SUV,2017,"64,881 km",Petrol,Automatic,Sindh,PKR 1.2 crore
Fortuner,Toyota,2700 cc,SUV,2018,"110,000 km",Petrol,Automatic,Islamabad,PKR 1.16 crore
Fortuner,Toyota,2700 cc,SUV,2017,"68,000 km",Petrol,Automatic,Karachi,PKR 1.02 crore
Fortuner,Toyota,2700 cc,SUV,2022,"20,000 km",Petrol,Automatic,Punjab,PKR 1.55 crore
Fortuner,Toyota,2700 cc,SUV,2017,"90,000 km",Petrol,Automatic,Sindh,PKR 1.13 crore
Fortuner,Toyota,2800 cc,SUV,2018,"149,000 km",Diesel,Automatic,Sindh,PKR 1.2 crore
Fortuner,Toyota,2800 cc,SUV,2018,"90,000 km",Diesel,Automatic,Punjab,PKR 1.29 crore
Fortuner,Toyota,2800 cc,SUV,2023,29 km,Diesel,Automatic,Un-Registered,PKR 1.95 crore
Fortuner,Toyota,2700 cc,SUV,2017,"127,000 km",Petrol,Automatic,Sindh,PKR 99 lacs
Fortuner,Toyota,2800 cc,SUV,2022,"19,434 km",Diesel,Automatic,Islamabad,PKR 1.69 crore
Fortuner,Toyota,2700 cc,SUV,2022,"2,000 km",Petrol,Automatic,Sindh,PKR 1.62 crore
Fortuner,Toyota,2800 cc,SUV,2022,"17,000 km",Diesel,Automatic,Punjab,PKR 1.59 crore
Fortuner,Toyota,2800 cc,SUV,2022,"14,500 km",Diesel,Automatic,Islamabad,PKR 1.87 crore
Fortuner,Toyota,2800 cc,SUV,2021,"28,000 km",Diesel,Automatic,Islamabad,PKR 1.55 crore
Fortuner,Toyota,2800 cc,SUV,2020,"22,500 km",Diesel,Automatic,Punjab,PKR 1.65 crore
Fortuner,Toyota,2700 cc,SUV,2015,"75,000 km",Petrol,Automatic,Islamabad,PKR 73.95 lacs
Fortuner,Toyota,2800 cc,SUV,2021,"30,000 km",Diesel,Automatic,Punjab,PKR 1.58 crore
Fortuner,Toyota,2800 cc,SUV,2020,"50,000 km",Diesel,Automatic,Islamabad,PKR 1.47 crore
Fortuner,Toyota,2800 cc,SUV,2021,"28,000 km",Diesel,Automatic,Punjab,PKR 1.58 crore
Fortuner,Toyota,2700 cc,SUV,2013,"128,000 km",Petrol,Automatic,Lahore,PKR 74.5 lacs
Fortuner,Toyota,2700 cc,SUV,2022,"9,800 km",Petrol,Automatic,Punjab,PKR 1.55 crore
Fortuner,Toyota,2700 cc,SUV,2021,"2,700 km",Petrol,Automatic,Islamabad,PKR 1.4 crore
Fortuner,Toyota,2800 cc,SUV,2023,"10,700 km",Diesel,Automatic,Punjab,PKR 2.06 crore
Fortuner,Toyota,2800 cc,SUV,2021,"42,000 km",Diesel,Automatic,Punjab,PKR 1.46 crore
Fortuner,Toyota,2800 cc,SUV,2020,"44,000 km",Diesel,Automatic,Islamabad,PKR 1.55 crore
Fortuner,Toyota,2800 cc,SUV,2021,"38,000 km",Diesel,Automatic,Islamabad,PKR 1.56 crore
Civic,Honda,1500 cc,Sedan,2023,"14,800 km",Petrol,Automatic,Islamabad,PKR 97.85 lacs
Fortuner,Toyota,2800 cc,SUV,2023,1 km,Diesel,Automatic,Un-Registered,PKR 2.14 crore
Fortuner,Toyota,2700 cc,SUV,2017,"68,000 km",Petrol,Automatic,Islamabad,PKR 1.15 crore
Fortuner,Toyota,2700 cc,SUV,2017,"65,000 km",Petrol,Automatic,Karachi,PKR 1.07 crore
Fortuner,Toyota,2800 cc,SUV,2019,"5,000 km",Diesel,Automatic,Un-Registered,PKR 1.53 crore
Fortuner,Toyota,2700 cc,SUV,2021,"25,000 km",Petrol,Automatic,Punjab,PKR 1.52 crore
Fortuner,Toyota,2700 cc,SUV,2017,"30,000 km",Petrol,Automatic,Islamabad,PKR 1.25 crore
Civic,Honda,1500 cc,Sedan,2020,"50,000 km",Petrol,Manual,Islamabad,PKR 72 lacs
Fortuner,Toyota,2700 cc,SUV,2021,"2,490 km",Petrol,Automatic,Karachi,PKR 1.49 crore
Fortuner,Toyota,2800 cc,SUV,2020,"74,000 km",Diesel,Automatic,Islamabad,PKR 1.46 crore
Fortuner,Toyota,2700 cc,SUV,2021,"49,283 km",LPG,Automatic,Punjab,PKR 1.4 crore
Fortuner,Toyota,2800 cc,SUV,2022,"18,000 km",Diesel,Automatic,Islamabad,PKR 1.76 crore
Fortuner,Toyota,2800 cc,SUV,2022,"10,000 km",Diesel,Automatic,Islamabad,PKR 1.86 crore
Fortuner,Toyota,2800 cc,SUV,2023,7 km,Diesel,Automatic,Un-Registered,Call for price
Fortuner,Toyota,2700 cc,SUV,2021,"2,700 km",Petrol,Automatic,Islamabad,PKR 1.37 crore
Fortuner,Toyota,2800 cc,SUV,2023,45 km,Diesel,Automatic,Un-Registered,PKR 1.93 crore
Fortuner,Toyota,2700 cc,SUV,2017,"66,000 km",Petrol,Automatic,Lahore,PKR 1.18 crore
Fortuner,Toyota,2700 cc,SUV,2017,"43,899 km",Petrol,Automatic,Sindh,PKR 1.04 crore
Fortuner,Toyota,2800 cc,SUV,2023,44 km,Diesel,Automatic,Un-Registered,Call for price
Fortuner,Toyota,2800 cc,SUV,2023,55 km,Diesel,Automatic,Un-Registered,Call for price
Fortuner,Toyota,2700 cc,SUV,2023,30 km,Petrol,Automatic,Un-Registered,Call for price
Fortuner,Toyota,2700 cc,SUV,2017,"24,000 km",Petrol,Automatic,Karachi,PKR 1.14 crore
Fortuner,Toyota,2800 cc,SUV,2023,5 km,Diesel,Automatic,Un-Registered,Call for price
Fortuner,Toyota,2800 cc,SUV,2023,5 km,Diesel,Automatic,Un-Registered,Call for price
Fortuner,Toyota,2700 cc,SUV,2017,"38,000 km",Petrol,Automatic,Karachi,PKR 1.08 crore
Fortuner,Toyota,2700 cc,SUV,2017,"29,000 km",Petrol,Automatic,Lahore,PKR 1.22 crore
Fortuner,Toyota,2700 cc,SUV,2021,"45,000 km",Petrol,Automatic,Lahore,PKR 1.5 crore
Fortuner,Toyota,2800 cc,SUV,2023,1 km,Diesel,Automatic,Un-Registered,PKR 1.85 crore
Fortuner,Toyota,2700 cc,SUV,2017,"68,500 km",Petrol,Automatic,Lahore,PKR 1.08 crore
Fortuner,Toyota,2700 cc,SUV,2019,"53,304 km",Petrol,Automatic,Islamabad,PKR 1.29 crore
Fortuner,Toyota,2700 cc,SUV,2022,"9,700 km",Petrol,Automatic,Islamabad,PKR 1.45 crore
Civic,Honda,1500 cc,Sedan,2022,"19,200 km",Petrol,Automatic,Karachi,PKR 81.5 lacs
Fortuner,Toyota,2700 cc,SUV,2017,"52,000 km",Petrol,Automatic,Sindh,PKR 1.17 crore
Fortuner,Toyota,2700 cc,SUV,2017,"60,000 km",Petrol,Automatic,Sindh,PKR 1.08 crore
Fortuner,Toyota,2700 cc,SUV,2020,"14,000 km",Petrol,Automatic,Punjab,PKR 1.3 crore
Fortuner,Toyota,2800 cc,SUV,2018,"70,000 km",Diesel,Automatic,Lahore,PKR 1.33 crore
Fortuner,Toyota,2700 cc,SUV,2015,"70,000 km",Petrol,Automatic,Karachi,PKR 72 lacs
Fortuner,Toyota,2800 cc,SUV,2023,150 km,Diesel,Automatic,Un-Registered,PKR 1.95 crore
Fortuner,Toyota,2700 cc,SUV,2018,"115,000 km",Petrol,Automatic,Islamabad,PKR 1.16 crore
Fortuner,Toyota,2700 cc,SUV,2018,"110,000 km",Petrol,Automatic,Islamabad,PKR 1.16 crore
Fortuner,Toyota,2700 cc,SUV,2017,"59,500 km",Petrol,Automatic,Islamabad,PKR 1.18 crore
Fortuner,Toyota,2700 cc,SUV,2022,"12,000 km",Petrol,Automatic,Karachi,PKR 1.29 crore
Fortuner,Toyota,2700 cc,SUV,2017,"68,000 km",Petrol,Automatic,Karachi,PKR 1.02 crore
Fortuner,Toyota,2800 cc,SUV,2022,"4,000 km",Diesel,Automatic,Islamabad,PKR 1.9 crore
Fortuner,Toyota,2700 cc,SUV,2018,"24,000 km",Petrol,Automatic,Lahore,PKR 1.25 crore
Fortuner,Toyota,2700 cc,SUV,2021,"30,000 km",Petrol,Automatic,Punjab,PKR 1.62 crore
Fortuner,Toyota,2800 cc,SUV,2023,12 km,Diesel,Automatic,Un-Registered,PKR 1.98 crore
Fortuner,Toyota,2700 cc,SUV,2021,"20,000 km",Petrol,Automatic,Lahore,PKR 1.48 crore
Fortuner,Toyota,2800 cc,SUV,2022,"14,570 km",Diesel,Automatic,Sindh,PKR 1.82 crore
Fortuner,Toyota,2800 cc,SUV,2023,5 km,Diesel,Automatic,Un-Registered,Call for price
Fortuner,Toyota,2700 cc,SUV,2021,"47,000 km",Petrol,Automatic,Karachi,PKR 1.22 crore
Fortuner,Toyota,2700 cc,SUV,2017,"27,000 km",Petrol,Automatic,Punjab,PKR 1.19 crore
Fortuner,Toyota,2700 cc,SUV,2019,"38,000 km",Petrol,Automatic,Punjab,PKR 1.26 crore
Fortuner,Toyota,2800 cc,SUV,2021,"50,000 km",Diesel,Automatic,Islamabad,PKR 1.52 crore
Fortuner,Toyota,2800 cc,SUV,2021,"37,050 km",Diesel,Automatic,Islamabad,Call for price
Fortuner,Toyota,2800 cc,SUV,2022,"40,000 km",Diesel,Automatic,Islamabad,PKR 1.69 crore
Fortuner,Toyota,2700 cc,SUV,2024,1 km,Petrol,Automatic,Un-Registered,PKR 1.71 crore
Fortuner,Toyota,2700 cc,SUV,2017,"85,000 km",Petrol,Automatic,Islamabad,PKR 1.15 crore
Fortuner,Toyota,2800 cc,SUV,2022,"13,000 km",Diesel,Automatic,Islamabad,PKR 1.85 crore
Fortuner,Toyota,2800 cc,SUV,2024,1 km,Diesel,Automatic,Un-Registered,PKR 1.81 crore
Fortuner,Toyota,2800 cc,SUV,2024,1 km,Diesel,Automatic,Un-Registered,PKR 2.17 crore
Fortuner,Toyota,2700 cc,SUV,2022,"4,800 km",Petrol,Automatic,Karachi,PKR 1.4 crore
Fortuner,Toyota,2800 cc,SUV,2022,"9,000 km",Diesel,Automatic,Punjab,PKR 1.62 crore
Fortuner,Toyota,2700 cc,SUV,2017,"57,000 km",Petrol,Automatic,Karachi,PKR 98 lacs
Fortuner,Toyota,2700 cc,SUV,2018,"55,000 km",Petrol,Automatic,Islamabad,PKR 1.25 crore
Fortuner,Toyota,2800 cc,SUV,2023,"6,000 km",Diesel,Automatic,Islamabad,PKR 2.15 crore
Fortuner,Toyota,2700 cc,SUV,2022,"3,800 km",Petrol,Automatic,Un-Registered,PKR 1.43 crore
Fortuner,Toyota,2700 cc,SUV,2021,"39,000 km",Petrol,Automatic,Islamabad,PKR 1.65 crore
Fortuner,Toyota,2800 cc,SUV,2022,"12,000 km",Diesel,Automatic,Islamabad,PKR 1.88 crore
Fortuner,Toyota,2700 cc,SUV,2014,"125,000 km",Petrol,Automatic,Sindh,PKR 69.5 lacs
Fortuner,Toyota,2700 cc,SUV,2014,"91,943 km",Petrol,Automatic,Karachi,PKR 66.5 lacs
Fortuner,Toyota,2700 cc,SUV,2022,"20,000 km",Petrol,Automatic,Punjab,PKR 1.55 crore
Fortuner,Toyota,2800 cc,SUV,2023,250 km,Diesel,Automatic,Sindh,PKR 2.05 crore
Fortuner,Toyota,2700 cc,SUV,2015,"42,200 km",Petrol,Automatic,Islamabad,PKR 92 lacs
Fortuner,Toyota,2800 cc,SUV,2022,"9,200 km",Diesel,Automatic,Punjab,PKR 1.78 crore
Fortuner,Toyota,2800 cc,SUV,2022,"17,000 km",Diesel,Automatic,Islamabad,PKR 1.95 crore
Fortuner,Toyota,2700 cc,SUV,2017,"90,000 km",Petrol,Automatic,Sindh,PKR 1.13 crore
Benz,Mercedes,2200 cc,Sedan,1994,"1,800 km",Petrol,Automatic,Islamabad,PKR 19.5 lacs
Fortuner,Toyota,2800 cc,SUV,2022,1 km,Diesel,Automatic,Karachi,PKR 1.65 crore
Fortuner,Toyota,2800 cc,SUV,2018,"149,000 km",Diesel,Automatic,Sindh,PKR 1.2 crore
Fortuner,Toyota,2800 cc,SUV,2022,"4,000 km",Diesel,Automatic,Un-Registered,PKR 1.77 crore
Fortuner,Toyota,2800 cc,SUV,2018,"90,000 km",Diesel,Automatic,Punjab,PKR 1.29 crore
Fortuner,Toyota,2800 cc,SUV,2023,29 km,Diesel,Automatic,Un-Registered,PKR 1.95 crore
Fortuner,Toyota,2700 cc,SUV,2017,"127,000 km",Petrol,Automatic,Sindh,PKR 99 lacs
Fortuner,Toyota,2800 cc,SUV,2022,"60,000 km",Diesel,Automatic,Islamabad,PKR 1.75 crore
Fortuner,Toyota,2800 cc,SUV,2021,"50,000 km",Diesel,Automatic,Punjab,PKR 1.54 crore
Fortuner,Toyota,2700 cc,SUV,2019,"37,000 km",Petrol,Automatic,Karachi,PKR 1.23 crore
Fortuner,Toyota,2800 cc,SUV,2021,"26,500 km",Diesel,Automatic,Sindh,PKR 1.52 crore
Fortuner,Toyota,2800 cc,SUV,2023,25 km,Diesel,Automatic,Un-Registered,PKR 2.17 crore
Fortuner,Toyota,2800 cc,SUV,2023,35 km,Diesel,Automatic,Un-Registered,Call for price
Fortuner,Toyota,2800 cc,SUV,2023,"5,000 km",Diesel,Automatic,Sindh,PKR 2.2 crore
Fortuner,Toyota,2800 cc,SUV,2021,"50,000 km",Diesel,Automatic,Karachi,PKR 1.42 crore
Fortuner,Toyota,2800 cc,SUV,2023,93 km,Diesel,Automatic,Un-Registered,PKR 2.1 crore
Fortuner,Toyota,2700 cc,SUV,2019,"68,000 km",Petrol,Automatic,Karachi,PKR 1.18 crore
Fortuner,Toyota,2800 cc,SUV,2022,"9,448 km",Diesel,Automatic,Punjab,PKR 1.95 crore
Fortuner,Toyota,2700 cc,SUV,2023,30 km,Petrol,Automatic,Karachi,PKR 1.85 crore
Fortuner,Toyota,2700 cc,SUV,2013,"68,000 km",Petrol,Automatic,Karachi,Call for price
Fortuner,Toyota,2700 cc,SUV,2020,"45,000 km",Petrol,Automatic,Sindh,PKR 1.24 crore
Fortuner,Toyota,2800 cc,SUV,2020,"51,000 km",Diesel,Automatic,Islamabad,PKR 1.55 crore
Fortuner,Toyota,2800 cc,SUV,2022,"31,000 km",Diesel,Automatic,Punjab,PKR 1.85 crore
Fortuner,Toyota,2700 cc,SUV,2021,"12,000 km",Petrol,Automatic,Punjab,PKR 1.35 crore
Fortuner,Toyota,2700 cc,SUV,2014,"89,000 km",Petrol,Automatic,Sindh,PKR 79 lacs
Fortuner,Toyota,2800 cc,SUV,2023,"10,000 km",Diesel,Automatic,Un-Registered,PKR 1.9 crore
Fortuner,Toyota,2700 cc,N/A,2013,"87,902 km",Petrol,Automatic,Lahore,PKR 73 lacs
Fortuner,Toyota,2700 cc,SUV,2017,"53,000 km",Petrol,Automatic,Islamabad,PKR 1.25 crore
Fortuner,Toyota,2800 cc,SUV,2019,"25,500 km",Diesel,Automatic,Sindh,PKR 1.4 crore
Fortuner,Toyota,2800 cc,SUV,2022,"19,434 km",Diesel,Automatic,Islamabad,PKR 1.69 crore
Fortuner,Toyota,2800 cc,SUV,2022,"9,000 km",Diesel,Automatic,Islamabad,PKR 1.77 crore
Fortuner,Toyota,2700 cc,SUV,2013,"100,000 km",Petrol,Automatic,Lahore,PKR 75 lacs
Fortuner,Toyota,2800 cc,SUV,2021,"15,656 km",Diesel,Automatic,Peshawar,PKR 1.5 crore
Fortuner,Toyota,2800 cc,SUV,2021,"29,000 km",Diesel,Automatic,Islamabad,PKR 1.56 crore
Fortuner,Toyota,2800 cc,SUV,2023,1 km,Petrol,Automatic,Un-Registered,PKR 1.96 crore
Fortuner,Toyota,2700 cc,SUV,2018,"70,000 km",Petrol,Automatic,Islamabad,PKR 1.22 crore
Fortuner,Toyota,2700 cc,SUV,2022,"17,000 km",Petrol,Automatic,Islamabad,PKR 1.69 crore
Fortuner,Toyota,2700 cc,SUV,2020,"50,000 km",Petrol,Automatic,Punjab,PKR 1.27 crore
Fortuner,Toyota,2700 cc,SUV,2022,"2,000 km",Petrol,Automatic,Sindh,PKR 1.62 crore
Fortuner,Toyota,2800 cc,SUV,2023,"1,500 km",Diesel,Automatic,Islamabad,PKR 2.1 crore
Fortuner,Toyota,2700 cc,SUV,2021,"35,000 km",Petrol,Automatic,Punjab,PKR 1.45 crore
Fortuner,Toyota,2800 cc,SUV,2022,"25,000 km",Diesel,Automatic,Karachi,PKR 1.65 crore
Fortuner,Toyota,2700 cc,SUV,2017,"83,000 km",Petrol,Automatic,Islamabad,PKR 1.15 crore
Fortuner,Toyota,2700 cc,SUV,2022,"8,000 km",Petrol,Automatic,Sindh,PKR 1.7 crore
Fortuner,Toyota,2700 cc,SUV,2014,"93,381 km",Diesel,Automatic,Lahore,PKR 75 lacs
Surf,Toyota,3000 cc,SUV,2005,"154,000 km",Diesel,Automatic,Islamabad,PKR 78.5 lacs
Fortuner,Toyota,2700 cc,SUV,2017,"140,000 km",Petrol,Automatic,Lahore,PKR 1.12 crore
Fortuner,Toyota,2700 cc,SUV,2020,"16,000 km",Petrol,Automatic,Sindh,PKR 1.35 crore
Fortuner,Toyota,2700 cc,SUV,2018,"33,422 km",Petrol,Automatic,Lahore,PKR 1.17 crore
Fortuner,Toyota,2800 cc,SUV,2018,"71,000 km",Diesel,Automatic,Karachi,Call for price
Fortuner,Toyota,2800 cc,SUV,2020,"62,000 km",Diesel,Automatic,Karachi,Call for price
Fortuner,Toyota,2800 cc,SUV,2021,"4,700 km",Diesel,Automatic,Karachi,Call for price
Corolla,Toyota,1800 cc,Sedan,2023,"7,080 km",Petrol,Automatic,Un-Registered,PKR 78.2 lacs
Fortuner,Toyota,2800 cc,SUV,2021,"16,500 km",Diesel,Automatic,Islamabad,PKR 1.6 crore
Fortuner,Toyota,2800 cc,SUV,2021,"13,000 km",Diesel,Automatic,Karachi,Call for price
Fortuner,Toyota,2800 cc,SUV,2021,"39,000 km",Diesel,Automatic,Karachi,PKR 1.38 crore
Fortuner,Toyota,2700 cc,SUV,2020,"24,000 km",Petrol,Automatic,Karachi,PKR 1.29 crore
Fortuner,Toyota,2800 cc,SUV,2023,900 km,Diesel,Automatic,Un-Registered,PKR 1.92 crore
Fortuner,Toyota,2800 cc,SUV,2021,"35,000 km",Diesel,Automatic,Karachi,PKR 1.5 crore
Fortuner,Toyota,2800 cc,SUV,2022,"20,000 km",Diesel,Automatic,Punjab,PKR 1.73 crore
Fortuner,Toyota,2800 cc,SUV,2021,"21,000 km",Diesel,Automatic,Islamabad,PKR 1.65 crore
Fortuner,Toyota,2800 cc,SUV,2021,"49,000 km",Diesel,Automatic,Islamabad,PKR 1.6 crore
Fortuner,Toyota,2800 cc,SUV,2022,"3,000 km",Diesel,Automatic,Punjab,PKR 1.73 crore
Fortuner,Toyota,2700 cc,SUV,2018,"85,000 km",Petrol,Automatic,Islamabad,PKR 1.22 crore
Fortuner,Toyota,2700 cc,SUV,2019,"36,000 km",Petrol,Automatic,Karachi,PKR 1.22 crore
Fortuner,Toyota,2800 cc,SUV,2022,"17,000 km",Diesel,Automatic,Punjab,PKR 1.59 crore
Fortuner,Toyota,2800 cc,SUV,2022,"14,500 km",Diesel,Automatic,Islamabad,PKR 1.87 crore
Fortuner,Toyota,2800 cc,SUV,2021,"48,000 km",Diesel,Automatic,Punjab,PKR 1.55 crore
Fortuner,Toyota,2700 cc,SUV,2017,"99,000 km",Petrol,Automatic,Lahore,PKR 1.18 crore
Fortuner,Toyota,2800 cc,SUV,2022,"23,723 km",Diesel,Automatic,Islamabad,PKR 1.95 crore
Fortuner,Toyota,2700 cc,SUV,2016,"50,000 km",Petrol,Automatic,Lahore,PKR 95 lacs
Fortuner,Toyota,2800 cc,SUV,2022,"10,000 km",Diesel,Automatic,Islamabad,PKR 1.86 crore
Fortuner,Toyota,2700 cc,SUV,2018,"95,000 km",Petrol,Automatic,Sindh,PKR 1.08 crore
Fortuner,Toyota,2800 cc,SUV,2023,7 km,Diesel,Automatic,Un-Registered,Call for price
Fortuner,Toyota,2700 cc,SUV,2021,"2,700 km",Petrol,Automatic,Islamabad,PKR 1.37 crore
Fortuner,Toyota,2700 cc,SUV,2013,"170,000 km",Petrol,Automatic,Islamabad,PKR 71 lacs
Fortuner,Toyota,2800 cc,SUV,2023,45 km,Diesel,Automatic,Un-Registered,PKR 1.93 crore
Fortuner,Toyota,2800 cc,SUV,2021,"36,000 km",Diesel,Automatic,Islamabad,PKR 1.57 crore
Fortuner,Toyota,2800 cc,SUV,2018,"81,000 km",Diesel,Automatic,Islamabad,PKR 1.34 crore
Fortuner,Toyota,2800 cc,SUV,2022,"35,000 km",Diesel,Automatic,Punjab,PKR 1.72 crore
Fortuner,Toyota,2700 cc,SUV,2017,"66,000 km",Petrol,Automatic,Lahore,PKR 1.18 crore
Corolla,Toyota,1800 cc,Sedan,2024,25 km,Petrol,Automatic,Un-Registered,PKR 77.81 lacs
Fortuner,Toyota,2700 cc,SUV,2017,"43,899 km",Petrol,Automatic,Sindh,PKR 1.04 crore
Fortuner,Toyota,2700 cc,SUV,2021,"15,000 km",Petrol,Automatic,Karachi,PKR 1.45 crore
Fortuner,Toyota,2700 cc,SUV,2020,"38,000 km",Petrol,Automatic,Punjab,PKR 1.32 crore
Fortuner,Toyota,2800 cc,SUV,2020,"50,000 km",Diesel,Automatic,Lahore,PKR 1.46 crore
Fortuner,Toyota,2700 cc,SUV,2022,"3,300 km",Petrol,Automatic,Islamabad,PKR 1.5 crore
Fortuner,Toyota,2700 cc,SUV,2020,"74,000 km",Petrol,Automatic,Punjab,PKR 1.24 crore
Fortuner,Toyota,2800 cc,SUV,2023,10 km,Diesel,Automatic,Un-Registered,Call for price
Fortuner,Toyota,2800 cc,N/A,2023,10 km,Diesel,Automatic,Un-Registered,Call for price
Fortuner,Toyota,2800 cc,SUV,2022,"82,500 km",Petrol,Automatic,Islamabad,PKR 2.55 crore
Fortuner,Toyota,2800 cc,SUV,2021,"44,000 km",Diesel,Automatic,Karachi,PKR 1.45 crore
Fortuner,Toyota,2800 cc,SUV,2023,"2,500 km",Diesel,Automatic,Islamabad,PKR 2.25 crore
Fortuner,Toyota,2800 cc,SUV,2023,25 km,Diesel,Automatic,Un-Registered,Call for price
Fortuner,Toyota,2700 cc,SUV,2017,"70,000 km",Petrol,Automatic,Islamabad,PKR 1.13 crore
Fortuner,Toyota,2700 cc,SUV,2022,"29,000 km",Petrol,Automatic,Un-Registered,PKR 1.57 crore
Fortuner,Toyota,2800 cc,SUV,2021,"38,000 km",Diesel,Automatic,Islamabad,PKR 1.6 crore
Fortuner,Toyota,2700 cc,SUV,2017,"117,000 km",Petrol,Automatic,Karachi,PKR 1.05 crore
Fortuner,Toyota,2700 cc,SUV,2020,"38,623 km",Petrol,Automatic,Lahore,PKR 1.3 crore
Fortuner,Toyota,2800 cc,SUV,2022,"15,000 km",Diesel,Automatic,Karachi,PKR 1.8 crore
Fortuner,Toyota,2800 cc,SUV,2023,44 km,Diesel,Automatic,Un-Registered,Call for price
Fortuner,Toyota,2800 cc,SUV,2023,55 km,Diesel,Automatic,Un-Registered,Call for price
Fortuner,Toyota,2700 cc,SUV,2023,30 km,Petrol,Automatic,Un-Registered,Call for price
Fortuner,Toyota,2800 cc,SUV,2022,"15,000 km",Diesel,Automatic,Lahore,PKR 1.85 crore
Fortuner,Toyota,2700 cc,SUV,2017,"30,000 km",Petrol,Automatic,Islamabad,PKR 1.25 crore
Fortuner,Toyota,2700 cc,SUV,2021,"28,000 km",Petrol,Automatic,Islamabad,PKR 1.35 crore
Fortuner,Toyota,2700 cc,SUV,2020,"30,000 km",Petrol,Automatic,Islamabad,PKR 1.38 crore
Fortuner,Toyota,2700 cc,SUV,2015,"47,000 km",Petrol,Automatic,Lahore,PKR 88.5 lacs
Fortuner,Toyota,2700 cc,SUV,2021,"59,500 km",Petrol,Automatic,Islamabad,PKR 1.6 crore
Fortuner,Toyota,2700 cc,SUV,2018,"27,000 km",Petrol,Automatic,Karachi,PKR 1.17 crore
Fortuner,Toyota,2800 cc,SUV,2021,"54,000 km",Diesel,Automatic,Islamabad,PKR 1.68 crore
Fortuner,Toyota,2700 cc,SUV,2016,"114,500 km",Petrol,Automatic,Punjab,PKR 85 lacs
Fortuner,Toyota,2800 cc,SUV,2020,"83,500 km",Diesel,Automatic,Sindh,PKR 1.45 crore
Fortuner,Toyota,2800 cc,SUV,2018,"112,000 km",Diesel,Automatic,Islamabad,PKR 1.35 crore
Fortuner,Toyota,2800 cc,SUV,2022,"18,000 km",Diesel,Automatic,Islamabad,PKR 1.85 crore
Fortuner,Toyota,2700 cc,SUV,2017,"24,000 km",Petrol,Automatic,Karachi,PKR 1.14 crore
Fortuner,Toyota,2800 cc,SUV,2023,5 km,Diesel,Automatic,Un-Registered,Call for price
Fortuner,Toyota,2800 cc,SUV,2023,5 km,Diesel,Automatic,Un-Registered,Call for price
Fortuner,Toyota,2800 cc,SUV,2023,5 km,Diesel,Automatic,Un-Registered,Call for price
Fortuner,Toyota,2700 cc,SUV,2021,"47,000 km",Petrol,Automatic,Karachi,PKR 1.22 crore
Fortuner,Toyota,2800 cc,SUV,2022,"9,000 km",Diesel,Automatic,Sindh,PKR 1.85 crore
Fortuner,Toyota,2800 cc,SUV,2021,"7,000 km",Diesel,Automatic,Punjab,PKR 1.6 crore
Fortuner,Toyota,2800 cc,SUV,2021,"80,000 km",Diesel,Automatic,Islamabad,PKR 1.6 crore
Fortuner,Toyota,3000 cc,N/A,2005,"160,000 km",Diesel,Automatic,Islamabad,PKR 60 lacs
Fortuner,Toyota,2700 cc,SUV,2014,"89,000 km",Petrol,Automatic,Sindh,PKR 74.75 lacs
Surf,Toyota,2700 cc,SUV,2002,160 km,Petrol,Automatic,Sindh,PKR 58 lacs
Fortuner,Toyota,2800 cc,SUV,2021,"19,000 km",Diesel,Automatic,Karachi,PKR 1.62 crore
Fortuner,Toyota,2700 cc,SUV,2022,"11,900 km",Petrol,Automatic,Islamabad,PKR 1.45 crore
Fortuner,Toyota,2700 cc,SUV,2022,"25,000 km",Petrol,Automatic,Punjab,PKR 1.46 crore
Fortuner,Toyota,2700 cc,SUV,2017,"27,000 km",Petrol,Automatic,Punjab,PKR 1.19 crore
Fortuner,Toyota,2700 cc,SUV,2019,"38,000 km",Petrol,Automatic,Punjab,PKR 1.26 crore
Fortuner,Toyota,2700 cc,SUV,2021,"13,775 km",Petrol,Automatic,Punjab,PKR 1.55 crore
Fortuner,Toyota,2800 cc,SUV,2021,"50,000 km",Diesel,Automatic,Islamabad,PKR 1.52 crore
Fortuner,Toyota,2800 cc,SUV,2023,"10,000 km",Diesel,Automatic,Un-Registered,PKR 2.1 crore
Fortuner,Toyota,2700 cc,SUV,2022,"4,000 km",Petrol,Automatic,Islamabad,PKR 1.75 crore
Fortuner,Toyota,2800 cc,SUV,2023,"9,000 km",Diesel,Automatic,Karachi,PKR 1.85 crore
Fortuner,Toyota,2700 cc,SUV,2018,"38,000 km",Petrol,Automatic,Sindh,PKR 1.12 crore
Fortuner,Toyota,2700 cc,SUV,2021,"18,500 km",Petrol,Automatic,Punjab,PKR 1.5 crore
Fortuner,Toyota,2700 cc,SUV,2021,"6,523 km",Petrol,Automatic,Islamabad,PKR 1.65 crore
Fortuner,Toyota,2700 cc,SUV,2018,"61,000 km",Petrol,Automatic,Karachi,PKR 1.08 crore
Fortuner,Toyota,2800 cc,SUV,2022,"22,000 km",Diesel,Automatic,Karachi,PKR 1.71 crore
Fortuner,Toyota,2800 cc,SUV,2021,"37,050 km",Diesel,Automatic,Islamabad,Call for price
Fortuner,Toyota,2700 cc,SUV,2021,"22,500 km",Petrol,Automatic,Islamabad,PKR 1.35 crore
Fortuner,Toyota,2800 cc,SUV,2023,"2,300 km",Diesel,Automatic,Islamabad,PKR 2.12 crore
Fortuner,Toyota,2700 cc,SUV,2013,"54,000 km",Petrol,Automatic,Karachi,PKR 75 lacs
Fortuner,Toyota,2700 cc,SUV,2017,"67,000 km",Petrol,Automatic,Punjab,PKR 1.2 crore
Fortuner,Toyota,2800 cc,SUV,2019,"60,985 km",Diesel,Automatic,Islamabad,PKR 1.45 crore
Fortuner,Toyota,2700 cc,SUV,2015,"140,000 km",Petrol,Automatic,Islamabad,PKR 78.5 lacs
Fortuner,Toyota,2800 cc,SUV,2022,"7,800 km",Diesel,Automatic,Punjab,PKR 1.88 crore
Fortuner,Toyota,2800 cc,SUV,2022,"40,000 km",Diesel,Automatic,Islamabad,PKR 1.69 crore
Fortuner,Toyota,2800 cc,SUV,2021,"26,000 km",Diesel,Automatic,Lahore,PKR 1.56 crore
Fortuner,Toyota,2700 cc,SUV,2020,"41,000 km",Petrol,Automatic,Un-Registered,PKR 1.48 crore
Fortuner,Toyota,2800 cc,SUV,2023,"23,500 km",Diesel,Automatic,Punjab,PKR 1.85 crore
Fortuner,Toyota,2800 cc,SUV,2018,"75,000 km",Diesel,Automatic,Karachi,PKR 1.18 crore
Fortuner,Toyota,2700 cc,SUV,2022,"16,900 km",Petrol,Automatic,Karachi,PKR 1.7 crore
Fortuner,Toyota,2700 cc,SUV,2017,"47,000 km",Petrol,Automatic,Lahore,PKR 1.2 crore
Fortuner,Toyota,2700 cc,SUV,2021,"15,000 km",Petrol,Automatic,Sindh,PKR 1.4 crore
Fortuner,Toyota,2800 cc,SUV,2022,"35,000 km",Diesel,Automatic,Islamabad,PKR 1.69 crore
Fortuner,Toyota,2800 cc,SUV,2018,"142,000 km",Diesel,Automatic,Punjab,PKR 1.25 crore
Fortuner,Toyota,2800 cc,SUV,2019,"76,000 km",Diesel,Automatic,Islamabad,PKR 1.35 crore
Fortuner,Toyota,2800 cc,SUV,2024,25 km,Diesel,Automatic,Un-Registered,PKR 2.16 crore
Fortuner,Toyota,2700 cc,SUV,2022,"2,200 km",Petrol,Automatic,Islamabad,PKR 1.4 crore
Fortuner,Toyota,2700 cc,SUV,2024,1 km,Petrol,Automatic,Un-Registered,PKR 1.71 crore
Fortuner,Toyota,2700 cc,SUV,2018,"50,000 km",Petrol,Automatic,Karachi,PKR 1.3 crore
Fortuner,Toyota,2700 cc,SUV,2017,"85,000 km",Petrol,Automatic,Islamabad,PKR 1.15 crore
Fortuner,Toyota,2700 cc,SUV,2013,"96,000 km",Petrol,Automatic,Islamabad,PKR 78 lacs
Fortuner,Toyota,2800 cc,SUV,2022,"13,000 km",Diesel,Automatic,Islamabad,PKR 1.85 crore
Fortuner,Toyota,2700 cc,SUV,2018,"25,000 km",Petrol,Automatic,Karachi,PKR 1.19 crore
Fortuner,Toyota,2700 cc,SUV,2014,"46,000 km",Petrol,Automatic,Karachi,PKR 89.9 lacs
Fortuner,Toyota,2800 cc,SUV,2024,1 km,Diesel,Automatic,Un-Registered,PKR 1.81 crore
Tucson,Hyundai,2000 cc,SUV,2021,"40,000 km",Petrol,Automatic,Karachi,PKR 82 lacs
Tucson,Hyundai,2000 cc,SUV,2021,"40,000 km",Petrol,Automatic,Karachi,PKR 82 lacs
Tucson,Hyundai,2000 cc,SUV,2021,"40,000 km",Petrol,Automatic,Karachi,PKR 82 lacs
Tucson,Hyundai,2000 cc,SUV,2021,"40,000 km",Petrol,Automatic,Karachi,PKR 82 lacs
Tucson,Hyundai,2000 cc,SUV,2021,"40,000 km",Petrol,Automatic,Karachi,PKR 82 lacs
Tucson,Hyundai,2000 cc,SUV,2021,"40,000 km",Petrol,Automatic,Karachi,PKR 82 lacs
Tucson,Hyundai,2000 cc,SUV,2021,"40,000 km",Petrol,Automatic,Karachi,PKR 82 lacs
Tucson,Hyundai,2000 cc,SUV,2021,"40,000 km",Petrol,Automatic,Karachi,PKR 82 lacs
Tucson,Hyundai,2000 cc,SUV,2021,"40,000 km",Petrol,Automatic,Karachi,PKR 82 lacs
Tucson,Hyundai,2000 cc,SUV,2021,"40,000 km",Petrol,Automatic,Karachi,PKR 82 lacs
Tucson,Hyundai,2000 cc,SUV,2021,"40,000 km",Petrol,Automatic,Karachi,PKR 82 lacs
Tucson,Hyundai,2000 cc,SUV,2021,"40,000 km",Petrol,Automatic,Karachi,PKR 82 lacs
Tucson,Hyundai,2000 cc,SUV,2021,"40,000 km",Petrol,Automatic,Karachi,PKR 82 lacs
Tucson,Hyundai,2000 cc,SUV,2021,"40,000 km",Petrol,Automatic,Karachi,PKR 82 lacs
Tucson,Hyundai,2000 cc,SUV,2021,"40,000 km",Petrol,Automatic,Karachi,PKR 82 lacs
Tucson,Hyundai,2000 cc,SUV,2021,"40,000 km",Petrol,Automatic,Karachi,PKR 82 lacs
Tucson,Hyundai,2000 cc,SUV,2021,"40,000 km",Petrol,Automatic,Karachi,PKR 82 lacs
Tucson,Hyundai,2000 cc,SUV,2021,"40,000 km",Petrol,Automatic,Karachi,PKR 82 lacs
Tucson,Hyundai,2000 cc,SUV,2021,"40,000 km",Petrol,Automatic,Karachi,PKR 82 lacs
